{"cameraMode":{"drawMode":0,"name":"Shaded","section":"Shading Mode"},"sceneLighting":false,"audioPlay":false,"sceneViewState":{"m_AlwaysRefresh":false,"showFog":true,"showSkybox":true,"showFlares":true,"showImageEffects":true,"showParticleSystems":true,"showVisualEffectGraphs":true,"m_FxEnabled":true},"in2DMode":false,"pivot":{"x":27.17127799987793,"y":-0.8675432205200195,"z":-73.10260009765625},"rotation":{"x":0.001532387570478022,"y":0.9818298816680908,"z":-0.18965020775794984,"w":0.007969485595822335},"size":12.151642799377442,"orthographic":false}