{"cameraMode":{"drawMode":0,"name":"Shaded","section":"Shading Mode"},"sceneLighting":false,"audioPlay":false,"sceneViewState":{"m_AlwaysRefresh":false,"showFog":true,"showSkybox":false,"showFlares":true,"showImageEffects":true,"showParticleSystems":true,"showVisualEffectGraphs":true,"m_FxEnabled":true},"in2DMode":false,"pivot":{"x":1049.2862548828125,"y":547.926513671875,"z":29.096328735351564},"rotation":{"x":-0.0029454980976879598,"y":-0.9874762892723084,"z":0.016553567722439767,"w":-0.15827696025371552},"size":85.05683898925781,"orthographic":false}